Páginas principales,Clics,Impresiones,CTR,Posición
https://sumtrading.us/,5,33,15.15%,4.58
https://sumtrading.us/en/terms,5,9,55.56%,3.44
https://sumtrading.us/en/about,1,19,5.26%,7.26
https://sumtrading.us/es/services,1,3,33.33%,2.33
https://sumtrading.us/es,1,1,100%,2
https://sumtrading.us/en/how-it-works,0,5,0%,4
https://sumtrading.us/en/privacy,0,5,0%,5.2
http://sumtrading.us/,0,5,0%,12.4
https://sumtrading.us/es/about,0,4,0%,4.75
https://sumtrading.us/es/faq,0,4,0%,6.5
https://sumtrading.us/en/cars/7nJHeuzchDOE58uQlgMe,0,2,0%,6.5
https://sumtrading.us/en/cars,0,2,0%,9.5